{
	"start":	{
		"connected":	[{
				"socket":	6,
				"local_host":	"100.64.0.2",
				"local_port":	37572,
				"remote_host":	"192.168.64.16",
				"remote_port":	5201
			}],
		"version":	"iperf 3.7",
		"system_info":	"Linux focal-desktop 5.4.231 #10 SMP Wed May 24 20:13:36 CEST 2023 aarch64",
		"timestamp":	{
			"time":	"Sat, 27 May 2023 22:43:55 GMT",
			"timesecs":	1685227435
		},
		"connecting_to":	{
			"host":	"192.168.64.16",
			"port":	5201
		},
		"cookie":	"x6pktoihcyduy3bqfx2h6epqkgot6zegwte6",
		"tcp_mss_default":	1448,
		"sock_bufsize":	0,
		"sndbuf_actual":	16384,
		"rcvbuf_actual":	131072,
		"test_start":	{
			"protocol":	"TCP",
			"num_streams":	1,
			"blksize":	131072,
			"omit":	0,
			"duration":	5,
			"bytes":	0,
			"blocks":	0,
			"reverse":	0,
			"tos":	0
		}
	},
	"intervals":	[{
			"streams":	[{
					"socket":	6,
					"start":	0,
					"end":	1.000463,
					"seconds":	1.0004630088806152,
					"bytes":	4010960,
					"bits_per_second":	32072829.994885907,
					"retransmits":	1,
					"snd_cwnd":	1272792,
					"rtt":	266443,
					"rttvar":	35754,
					"pmtu":	1500,
					"omitted":	false,
					"sender":	true
				}],
			"sum":	{
				"start":	0,
				"end":	1.000463,
				"seconds":	1.0004630088806152,
				"bytes":	4010960,
				"bits_per_second":	32072829.994885907,
				"retransmits":	1,
				"omitted":	false,
				"sender":	true
			}
		}, {
			"streams":	[{
					"socket":	6,
					"start":	1.000463,
					"end":	2.001078,
					"seconds":	1.0006150007247925,
					"bytes":	0,
					"bits_per_second":	0,
					"retransmits":	1,
					"snd_cwnd":	2203856,
					"rtt":	271868,
					"rttvar":	1298,
					"pmtu":	1500,
					"omitted":	false,
					"sender":	true
				}],
			"sum":	{
				"start":	1.000463,
				"end":	2.001078,
				"seconds":	1.0006150007247925,
				"bytes":	0,
				"bits_per_second":	0,
				"retransmits":	1,
				"omitted":	false,
				"sender":	true
			}
		}, {
			"streams":	[{
					"socket":	6,
					"start":	2.001078,
					"end":	3.001994,
					"seconds":	1.0009160041809082,
					"bytes":	1310720,
					"bits_per_second":	10476163.790168326,
					"retransmits":	0,
					"snd_cwnd":	5848472,
					"rtt":	843636,
					"rttvar":	20242,
					"pmtu":	1500,
					"omitted":	false,
					"sender":	true
				}],
			"sum":	{
				"start":	2.001078,
				"end":	3.001994,
				"seconds":	1.0009160041809082,
				"bytes":	1310720,
				"bits_per_second":	10476163.790168326,
				"retransmits":	0,
				"omitted":	false,
				"sender":	true
			}
		}, {
			"streams":	[{
					"socket":	6,
					"start":	3.001994,
					"end":	4.001077,
					"seconds":	0.99908298254013062,
					"bytes":	0,
					"bits_per_second":	0,
					"retransmits":	0,
					"snd_cwnd":	5848472,
					"rtt":	843636,
					"rttvar":	20242,
					"pmtu":	1500,
					"omitted":	false,
					"sender":	true
				}],
			"sum":	{
				"start":	3.001994,
				"end":	4.001077,
				"seconds":	0.99908298254013062,
				"bytes":	0,
				"bits_per_second":	0,
				"retransmits":	0,
				"omitted":	false,
				"sender":	true
			}
		}, {
			"streams":	[{
					"socket":	6,
					"start":	4.001077,
					"end":	5.001154,
					"seconds":	1.0000770092010498,
					"bytes":	0,
					"bits_per_second":	0,
					"retransmits":	0,
					"snd_cwnd":	5848472,
					"rtt":	843636,
					"rttvar":	20242,
					"pmtu":	1500,
					"omitted":	false,
					"sender":	true
				}],
			"sum":	{
				"start":	4.001077,
				"end":	5.001154,
				"seconds":	1.0000770092010498,
				"bytes":	0,
				"bits_per_second":	0,
				"retransmits":	0,
				"omitted":	false,
				"sender":	true
			}
		}],
	"end":	{
		"streams":	[{
				"sender":	{
					"socket":	6,
					"start":	0,
					"end":	5.001154,
					"seconds":	5.001154,
					"bytes":	5321680,
					"bits_per_second":	8512723.2634707913,
					"retransmits":	2,
					"max_snd_cwnd":	5848472,
					"max_rtt":	843636,
					"min_rtt":	266443,
					"mean_rtt":	613843,
					"sender":	true
				},
				"receiver":	{
					"socket":	6,
					"start":	0,
					"end":	10.982777,
					"seconds":	5.001154,
					"bytes":	5321680,
					"bits_per_second":	3876382.0844218177,
					"sender":	true
				}
			}],
		"sum_sent":	{
			"start":	0,
			"end":	5.001154,
			"seconds":	5.001154,
			"bytes":	5321680,
			"bits_per_second":	8512723.2634707913,
			"retransmits":	2,
			"sender":	true
		},
		"sum_received":	{
			"start":	0,
			"end":	10.982777,
			"seconds":	10.982777,
			"bytes":	5321680,
			"bits_per_second":	3876382.0844218177,
			"sender":	true
		},
		"cpu_utilization_percent":	{
			"host_total":	0.39402064337635728,
			"host_user":	0,
			"host_system":	0.39402064337635728,
			"remote_total":	0.35256028414290408,
			"remote_user":	0.0941364278140277,
			"remote_system":	0.25843074671299393
		},
		"sender_tcp_congestion":	"mimic",
		"receiver_tcp_congestion":	"mimic"
	}
}
